ID,Name,Slug,Provider,Published,Layers,Widgets,Metadata,Created At,Updated At
5c9507d1-47f7-4c6a-9e64-fc210ccc48e2,"wat.057 Aqueduct Drought Risk",wat057-Aqueduct-Drought-Risk,cartodb,Yes,1,13,1,,
0b9f0100-ce5b-430f-ad8f-3363efa05481,"soc.001 Environmental Democracy Index",Environmental-Democracy-Index-1490086842552,cartodb,Yes,1,30,1,,
7d3465f8-5959-4531-aaf2-c9a8a03183b3,"bio.006 BirdLife Endemic Bird Areas",BirdLife-Endemic-Bird-Areas,cartodb,Yes,1,5,1,,
a07f1bed-ca16-4fbf-b14b-d3a0344cab74,"bio.017  Global Roadless Areas",Global-Roadless-Areas,cartodb,Yes,1,3,1,,
5e156d22-7f84-4cd2-9724-c1a519a83e0a,"cit.001 Populated Places",Populated-Places-Data-Set-Natural-Earth,cartodb,Yes,1,9,1,,
35ce2b98-adbb-4873-b334-d7b1cc542de7,"cit.028 Percent of Urban Population living in Slums",Percent-of-Urban-Population-living-in-Slums,cartodb,Yes,18,21,1,,
6c6e70e7-5a19-46f2-9d95-34789fd20adc,"soc.024 Gender and Land Rights",Gender-and-Land-Rights,cartodb,Yes,1,1,1,,
5c5e654e-182b-4ab4-8a3c-edff79cc68ea,"for.008a Tree Cover Loss",for008-Tree-Cover-Loss_1,gee,Yes,20,13,1,,
82629f63-cd3a-4c74-b083-eb48f440f12b,"foo.036 Greenhouse Gas Emissions from Croplands",foo036-Greenhouse-Gas-Emissions-from-Croplands,gee,Yes,2,2,1,,
773a16a7-3531-4b56-8253-babd15ad7f87,"soc.022 Forest Tenure",Forest-Tenure,cartodb,Yes,1,1,1,,
65c0e15b-dad0-4681-934e-91c0a378d2fb,"ene.003 Nighttime Lights (Annual, Stable)",Nighttime-Lights-Annual-Stable,gee,Yes,1,3,1,,
fc8cf356-f4be-4635-a896-fb468aaaa832,"for.013 Forest Landscape Restoration Opportunity",for013-Forest-Landscape-Restoration-Opportunity,gee,Yes,4,49,1,,
33a41780-fd0c-4989-90b8-2c76a127224c,"ene.014 Shale Basins",Shale-Basins,cartodb,Yes,1,4,1,,
20c70a51-4ddf-4f6c-ad2c-1a6729b95fa4,"bio.022 Observations of Coral Disease and Bleaching",Observations-of-Coral-Disease-and-Bleaching,cartodb,Yes,2,20,1,,
9c8f1480-6f6c-43fc-835a-b55ff72aedf7,"cli.004 Aboveground Live Woody Biomass Density",cli018-Aboveground-Mangrove-Biomass-Density,gee,Yes,1,24,1,,
00abb46f-34e2-4bf7-be30-1fb0b1de022f,"soc.008 Gross Domestic Product Per Capita (PPP, current international $)",Gross-Domestic-Product-Per-Capita-PPP-current-USdollar,cartodb,Yes,35,35,1,,
c2142922-84d9-4564-8216-a4867b9e48c5,"com.022 Mining Concessions",com022-Mining-Concessions,cartodb,Yes,1,5,1,,
995ec4fe-b3cc-4cf4-bd48-b89d4e3ea072,"cli.022 Populations in Coastal Zones",Populations-in-Coastal-Zones,cartodb,Yes,2,20,1,,
5b5a21ac-0835-43fb-86b9-64b93d472e10,"bio.001 Alliance for Zero Extinction (AZE) Endangered Species Sites",bio001-Alliance-for-Zero-Extinction-Endangered-Species-Sites,cartodb,Yes,1,16,1,,
36803484-c413-49a9-abe2-2286ee99b624,"bio.018 Marine Ecoregions",Marine-Ecoregions,cartodb,Yes,1,2,1,,
c17fab24-f71a-4c3e-bb87-6b753a944e6b,"soc.051 International Water Event Database",International-Water-Event-Database,cartodb,Yes,1,3,1,,
52c55378-0484-48c3-92fc-3ee94d21c716,"com.010 Gross Domestic Product",Gross-Domestic-Product,cartodb,Yes,65,3,1,,
f3fa9e56-78ea-4539-a0b8-6c0ffac6afc7,"com.026 Palm Oil Mills",com026-Palm-Oil-Mills,cartodb,Yes,1,2,1,,
e2aa09eb-c82e-4977-b614-ef71da5936ce,"com.005 Cruise Ports",Cruise-Ports,cartodb,Yes,1,2,1,,
d38d0d5c-31b1-47f4-9d2e-d8fba4c7d083,"cit.025 Urban Population",Urban-Population,cartodb,Yes,65,8,1,,
91ff1359-6680-49bc-8002-20256e999993,"foo.040 Predicted Vulnerability of Fisheries to Climate Change",Fisheries-Vulnerability-to-Climate-Change,cartodb,Yes,1,25,1,,
e7780d53-ad80-45bd-a271-79615ee97a37,"soc.035 Land Deals",Land-Deals,cartodb,Yes,1,1,1,,
03bfb30e-829f-4299-bab9-b2be1b66b5d4,"for.020 Forestry Sector Employment and GDP",for020-Forest-Sector-Employment-and-GDP,cartodb,Yes,2,13,1,,
a00c3514-94ba-48bd-bf56-a2e65722be34,"foo.001 Global Croplands and Watering Source",Global-Croplands,gee,Yes,1,5,1,,
11278cb6-b298-49a1-bf71-f1e269f40758,"soc.025 Gender Inequality Index",soc025-Gender-Inequality-Index,cartodb,Yes,1,8,1,,
1b8f1592-2a92-4dd5-bd85-6d231c7d3229,"wat.037 Lakes",wat037,cartodb,Yes,1,1,1,,
c665f519-eef9-4f67-a8bf-7e3e6dc8bfcd,"ene.028 Access to Clean Cooking Fuels",ene028-Access-to-Clean-Cooking-Fuels,cartodb,Yes,23,8,1,,
444138cd-8ef4-48b3-b197-73e324175ad0,"dis.012.nrt Landslide Hazard Alerts",dis012nrt-Landslide-Hazard-Alerts,cartodb,Yes,1,25,1,,
c17296d6-8629-4769-900b-81d7a7037b1e,"com.029 Global Container Port Network",cli029-Global-Container-Port-Network,cartodb,Yes,2,2,1,,
2e31a1f3-576b-46b4-84f0-3f0cc399f887,"com.006 Current Account Balance (BoP, Current US$)",Current-Account-Balance-BoP-Current-USdollar,cartodb,Yes,55,1,1,,
7793f46c-a48a-466f-a8ce-ca1a87b7aeed,"soc.029 Worldwide Governance Indicators",soc029-Worldwide-Governance-Indicators,cartodb,Yes,6,5,1,,
3ac5a895-b8ab-4480-b7eb-0fbb452ea76f,"soc.014 Land rights data",Land-rights-data-1490086842553,cartodb,Yes,2,1,1,,
6ccfb266-20cd-4838-82b0-5309987a62f0,"com.030c.rw1 Trawling Activity",com030crw1-Trawling-Activity,wms,Yes,11,0,1,,
7bcf2f48-8ebd-4900-a485-57a75f9f4e85,"com.004  Managed Forest Concessions",com004-Managed-Forest-Concessions,cartodb,Yes,1,1,1,,
11f43558-d703-4b9d-aff0-f2354a11b359,"wat.034 Annual Precipitation",wat034-Annual-Precipitation,gee,Yes,1,23,1,,
0ce24533-7877-4926-b962-a6c726332d82,"foo.049 Cropland and Pasture Area 2000",foo049-Cropland-and-Pasture-Area-2000,gee,Yes,3,30,1,,
e8f53f73-d77c-485a-a2a6-1c47ea4aead9,"soc.015 Adult Literacy Rate",Adult-Literacy-Rate,cartodb,Yes,31,2,1,,
63a7a997-695d-4629-b6e9-9b169f5c69bf,"wat.030 World Hydro Reference",wat030-World-Hydro-Reference-Overlay,wms,Yes,1,11,1,,
6d3163f5-4e08-4830-84f1-2c5d76570a82,"cit.020 Population Exposed to Unhealthy Levels of PM 2.5",Population-Exposed-to-Unhealthy-Levels-of-PM-25,cartodb,Yes,12,34,1,,
3c12072d-611b-413f-b314-4df0834523ab,"bio.009 Ecoregions Prioritized for Conservation",Ecoregions-Prioritized-for-Conservation,cartodb,Yes,1,2,1,,
795a7ceb-ebc1-4479-95ad-76ea4d045ad3,"soc.055 Global Conflict Risk Index",soc055-Global-Conflict-Risk-Index,cartodb,Yes,1,14,1,,
9eede25c-ec1c-4f62-b237-96c99f0c3a4c,"wat.014.1 Impaired Waters (U.S.)",wat0141-Impaired-Waters-USA,cartodb,Yes,3,5,1,,
ff1425a9-4793-4ac2-99e5-7bdf87114cc7,"cli.024 Projected Sea Level Rise (meters)",Projected-Sea-Level-Rise,gee,Yes,10,27,1,,
aa3cd9a3-3330-4f88-b54e-a8e2aacf302e,"foo.010 Crop Harvested Area Yield Production",foo010-crop-harvested-area-yield,gee,Yes,16,1,1,,
37d04efc-0ab2-4499-a891-54dca1013c74,"soc.040 Access to Improved Sanitation Facilities",Access-to-Improved-Sanitation-Facilities,cartodb,Yes,3,21,1,,
0e565ddf-74fd-4f90-a6b8-c89d747a89ab,"bio.014 Biodiversity Intactness",bio_014-Biodiversity-Intactness,gee,Yes,1,64,1,,
4fcdfd32-a02b-4068-8062-a0fee100aa75,"com.018 Undiscovered Oil and Gas Resources",Undiscovered-Oil-and-Gas-Resources,cartodb,Yes,1,4,1,,
5d269c36-6ccf-4620-838d-431f86c30f69,"cit.013 Reduction in Life Expectancy Attributable to the Environment",Reduction-in-Life-Expectancy-Attributable-to-the-Environment,cartodb,Yes,2,5,1,,
20662342-dcdd-4a42-9f58-bcc80217de71,"soc.071 World Languages",soc_071_world_languages,cartodb,Yes,1,19,1,,
ad7a5641-57bc-417d-8acf-8dc9df398779,"soc.063 Anthropogenic Biomes of the World",soc063-Anthropogenic-Biomes-of-the-World,gee,Yes,4,3,1,,
cc354f7f-2622-44cb-91c1-73559373de72,"soc.074 Employment in agriculture",soc074-Employment_in_agriculture,cartodb,Yes,33,13,1,,
f48541d3-a622-4908-9400-5ef26257ac96,"soc.012 water institutions",soc012-water-institutions,cartodb,Yes,1,1,1,,
c37b0b21-3d11-46ea-ba5d-4be4c0caa8ae,"foo.015.rw2 Global Hunger Index",foo015rw2-Global-Hunger-Index,cartodb,Yes,4,11,1,,
fe9b286f-4b28-409a-85f5-2e81b2bd5056,"bio.031 Social and Economic Dependence on Coral Reefs_replacement",bio031-Social-and-Economic-Dependence-on-Coral-Reefs_replacement,cartodb,Yes,3,26,1,,
ec011d66-a99b-425c-accd-d04e75966094,"cit.038.nrt Air Quality - Modeled Forecast - WACCM (O₃)",cit038-Air-Quality-Modeled-Forecast-WACCM-O,gee,Yes,1,5,1,,
41397376-593d-4bfc-95c2-f18bb9ddaf71,"cit.034 Landsat Historical Imagery (1999 - 2016)",Landsat-1999-2016,wms,Yes,26,9,1,,
082e2262-c58e-46a0-b6b7-56083cfcbd34,"com.009 Material Extraction, Trade, and Use",Material-Extraction-Trade-and-Use,cartodb,Yes,10,25,1,,
a2f3ac57-e2ee-4512-8952-f00b417b6820,"wat.041 Eutrophication and Hypoxia",wat041-Eutrophication-and-Hypoxia,cartodb,Yes,1,57,1,,
098b3d64-3679-4448-bf05-039dc0224dd5,"wat.039 Wetlands and Waterbodies",Wetlands-and-Waterbodies,gee,Yes,1,8,1,,
7fb1ebf5-398b-46ec-a915-32cee68b16e7,"com.001 Major Mineral Deposits",com001-Major-Mineral-Deposits,cartodb,Yes,2,15,1,,
402533eb-d02b-425f-8926-3df88cac0128,"for.025 Cumulative Tree Cover Gain",UMD-CumulativeTreeCoverGain-5m-v2,gee,Yes,3,1,1,,
449c0650-4481-443e-813f-0776e20ef7bf,"for.024 Tree Cover Height",UMD-TreeCoverHeight,gee,Yes,32,4,1,,
75d5e90e-2baa-4664-a3fb-9e136c1c5535,"soc.073 Gridded GDP",soc073-Gridded-GDP,gee,Yes,3,11,1,,
c8f384bf-b0f3-46ae-a543-0e1126e11736,"bio.040 Protected Area Connectivity",bio040-Protected-Area-Connectivity,cartodb,Yes,2,6,1,,
cafbc972-6c43-429c-8a25-cbea687c239a,"soc.083 poverty projections",soc_083_poverty_projections,cartodb,Yes,16,1,1,,
24928aa3-28d3-457c-ad2a-62f3c83ef663,"soc.049.nrt Water Conflict Chronology",soc_049_wat_conflicts_nrt,cartodb,Yes,2,7,1,,
601a5a54-e5eb-4a87-808c-03dd5987974b,"cit.036 Toxic Sites Identification Program",cit036-Toxic-Sites-Identification-Program,cartodb,Yes,3,3,1,,
fb7e2b65-98cb-4d30-89d8-8e620f0beb71,"wat.045 Whymap Groundwater Resources",wat_045_whymap_groundwater,cartodb,Yes,1,4,1,,
ef23ee11-deb5-4a89-81a7-661b3bfc59aa,"cit.039 Impervious Surfaces 30m",cit039-Impervious-Surfaces-30m_1,gee,Yes,1,11,1,,
b923386c-ba2e-4964-9b16-15b8cb70e128,"cit.040 City Categorization",cit040-City-Categorization,cartodb,Yes,2,15,1,,
2a8ca4f7-7285-4aed-9ef5-ba1f9c4b653d,"soc.076 National Population",soc076-National-Population,cartodb,Yes,65,7,1,,
40ffc305-609a-4367-a24f-816d9d43e508,"cit.037 Upward & Outward Cities Expansion Index",cit037-Upward-and-Outward-Expansion-Index,cartodb,Yes,3,16,1,,
5aeb8da8-3ae6-47a4-b21b-714819e93146,"foo.056b Ruminant Availability",foo056-Ruminant-Availability,cartodb,Yes,10,1,1,,
7667bdd8-9adb-44de-b51c-d2d26e461af1,"cli.005e Historical Maximum Antarctic Sea Ice",cli005e-Historical-Maximum-Antarctic-Sea-Ice,gee,Yes,17,2,1,,
8bb4c4a2-af97-46be-bf1c-14d971ce173f,"soc.073.a GDP Per Capita",soc073a,gee,Yes,26,7,1,,
d4e91298-b994-4e2c-947c-4f6486a66f30,"bio.037 Chlorophyll-a",bio037-Chlorophyll-a-2,gee,Yes,1,7,1,,
f2b26101-2b23-40c6-b126-8a5a6fc2154c,"bio.043 Human Impacts on Oceans",bio043-Human-Impacts-on-Oceans,gee,Yes,2,6,1,,
15a0b176-8313-4859-af90-5c198e50a605,"cli.005c Historical Maximum Arctic Sea Ice",cli005c-Historical-Maximum-Arctic-Sea-Ice,gee,Yes,18,1,1,,
f69d21d4-c654-4233-bf2d-72de37eb459c,"foo.056a Availability of Animal Based Products",foo_056_animal_products,cartodb,Yes,10,4,1,,
ed1544bb-a092-424e-88c2-8d548f4ef94a,"bio.042 Ecoregion by Biome",bio042-Ecoregion-by-Biome,cartodb,Yes,1,28,1,,
7ab1ab3b-2d13-4572-bc00-545044219a8e,"bio.045 Seagrass",bio045-Seagrass,cartodb,Yes,2,1,1,,
21bde2b4-1053-4765-9c52-244cc3a1eda2,"com.035 Solid Waste",com035-Solid-Waste,cartodb,Yes,1,3,1,,
85936c69-b773-458b-90c4-b47d5d3b5f0d,"cit.042c Air Quality - Estimated Emissions for CH₄ (CAMS)",cit042c-Air-Quality-CH-Projected-Emissions,gee,Yes,9,16,1,,
2a96d182-f174-4fea-aff3-276697937e4d,"soc.003 Subnational Infant Mortality",soc-003-2015-Gridded-Infant-Mortality,gee,Yes,1,1,1,,
249cb5ff-0ad1-461c-bcaa-15fb44f45d72,"cit.042b Air Quality - Estimated Emissions for NOₓ (CAMS)",cit042b-Air-Quality-NO-Projected-Emissions,gee,Yes,9,5,1,,
92cb0e3c-369e-4c66-908c-5723f608e35b,"cit.042d Air Quality -Estimated Emissions for SO₂ (CAMS)",cit042d-Air-Quality-SO-Projected-Emissions,gee,Yes,8,6,1,,
29a3cc91-9bf7-480f-b324-58570d9cd68f,"cit.044 Distribution of Consumer Spending by Sector",cit044-Distribution-of-Consumer-Spending-by-Sector,cartodb,Yes,12,7,1,,
6bf069ff-a3b6-4b58-b4b8-eb1ac6354e89,"cit.042a Air Quality - Estimated Emissions for Black Carbon (CAMS)",cit042a-Air-Quality-Black-Carbon-Projected-Emissions_1,gee,Yes,8,6,1,,
d39919a9-0940-4038-87ac-662f944bc846,"wat.056 Aqueduct Coastal Flood Risk",wat056-Aqueduct-Coastal-Flood-Risk,cartodb,Yes,1,2,1,,
ebcf4c98-a07d-479b-a27c-6d0c5b444548,"ene.012c  Access to Electricity (Rural)",ene012b-Access-to-Electricity-Rural,cartodb,Yes,34,1,1,,
2eeed325-7630-4045-9c53-8627748235fc,"wat.058 Aqueduct Untreated Connected Wastewater",wat058-Aqueduct-Untreated-Connected-Wastewater,cartodb,Yes,1,2,1,,
c29aee50-a46f-4c10-a8b1-152e4821be81,"ene.012a Access to Electricity (National)",ene012a-Access-to-Electricity,cartodb,Yes,34,10,1,,
bc533d1b-5480-40ab-b545-802b20a5bd80,"wat.051 Aqueduct Baseline Water Depletion",wat051-Aqueduct-Baseline-Water-Depletion,cartodb,Yes,1,3,1,,
df9ef304-672f-4c17-97f4-f9f8fa2849ff,"wat.055 Aqueduct Riverine Flood Risk",wat055-Aqueduct-Riverine-Flood-Risk,cartodb,Yes,1,4,1,,
4d7ce999-1e37-418f-b8a6-1816b29e901a,"soc.066.rw0 Population Below Poverty Line ($1.90)",soc066-Population-Below-Poverty-Line,cartodb,Yes,42,2,1,,
e32bdaba-5a72-487c-b640-668adaea2976,"wat.005a Access to an Improved Water Source  (National)",wat005a-Access-to-an-Improved-Water-Source-National-Level_1,cartodb,Yes,23,6,1,,
a9601ada-a39b-4a98-bde6-fb1fb97ba17d,"wat.060 Aqueduct Unimproved or No Drinking Water Access",wat060-Aqueduct-Unimproved-or-No-Drinking-Water-Access,cartodb,Yes,1,3,1,,
1ad53858-f5da-47cb-8006-5b4aa5aad589,"ene.012b Access to Electricity (Urban)",ene012b-Access-to-Electricity-National,cartodb,Yes,34,3,1,,
386314c4-ab42-47a7-b2cd-596b788e114d,"for.005a Mangrove Forests",for005a-Mangrove-Forests,cartodb,Yes,7,5,1,,
3598f43d-0ae9-445b-a8da-e59ff2cf43d9,"wat.005c Access to an Improved Water Source  (Rural)",wat005c-Access-to-an-Improved-Water-Source-Rural,cartodb,Yes,23,1,1,,
c29473e4-6606-49c9-a248-df1f2b21c2b5,"wat.005b Access to an Improved Water Source (Urban)",Access-to-an-Improved-Water-Source-Urban,cartodb,Yes,23,4,1,,
4f7992b5-3dc0-4725-b327-d8cb439ca2f5,"wat.061 Aqueduct Unimproved or No Sanitation Access",wat061-Aqueduct-Unimproved-or-No-Sanitation-Access,cartodb,Yes,1,1,1,,
0947e1b6-d29a-4fad-866f-ea90d135ab26,"cit.045 Infrastructure Investment Outlook",Infrastructure-Investment-Outlook,cartodb,Yes,8,14,1,,
ef9945f7-d934-4a88-a02a-570f14fffefc,"soc.062a Internal Displacement due to Natural Disasters",soc062a-Internal-Displacement-due-to-Natural-Disasters,cartodb,Yes,11,2,1,,
6974833b-004e-4b24-bdbc-ffbb779c1496,"soc.062b Internal Displacement due to Conflict",soc062b-Internal-Displacement-due-to-Conflict,cartodb,Yes,11,1,1,,
a6d63d85-dc1e-4dba-8df0-c888590f94fb,"wat.054 Aqueduct Groundwater Table Decline",wat054-Aqueduct-Groundwater-Table-Decline,cartodb,Yes,1,2,1,,
98b8e4f5-d961-463a-8732-7116de16808c,"wat.052 Aqueduct Interannual Variability",wat052-Aqueduct-Interannual-Variability,cartodb,Yes,1,1,1,,
90432312-35be-46c4-bd79-42f606d5611e,"com.036 Unemployment Rate",com036-Unemployment-Percent,cartodb,Yes,34,1,1,,
43f1a6e3-213e-432c-aac1-58dfe9dc3ed9,"wat.022 Groundwater Vulnerability to Floods and Droughts_replacement",wat022-Groundwater-Vulnerability-to-Floods-and-Droughts_replacement,cartodb,Yes,1,7,1,,
cf25c1bb-4e25-41e3-bbb8-b7cd9b9ccc8d,"com.019.rw1 Ecological Footprint",com019a-Ecological-Footprint,cartodb,Yes,1,1,1,,
5fe43cd9-0210-4a6f-86ba-d8a7b91a180d,"cit.016.rw1 Road Network",cit016-Road-Network_replacement,cartodb,Yes,1,3,1,,
ad218d82-058b-4b8e-b790-44fb6d4b531f,"cli.017 Glacier Extents_replacement",cli017-Glacier-Extents_replacement,cartodb,Yes,2,9,1,,
c111725c-e1c5-467b-a367-742db1c70893,"com.002 Airports_replacement",com002-Airports_replacement,cartodb,Yes,1,7,1,,
6f058503-7384-4a54-b4b5-b1046c84ba21,"wat.004 Global Surface Water Extent_replacement",wat004-Global-Surface-Water-Extent_replacement,gee,Yes,6,8,1,,
72607dcf-8876-489c-94f2-28e9e10208bc,"foo.006 Climate Change Impacts on Crop Production_replacement",foo006-Climate-Change-Impacts-on-Crop-Production_replacement,cartodb,Yes,1,4,1,,
02777be9-a10b-4201-b25a-90f80bea5701,"wat.012 City Water Intake Locations_replacement",wat012-City-Water-Intake-Locations_replacement,cartodb,Yes,1,25,1,,
1bc94710-d7ec-46f9-aa27-edddd87b1625,"bio.033 Cold Water Corals_replacement",bio033-Cold-Water-Corals_replacement,cartodb,Yes,1,4,1,,
90cace56-fad5-4f36-816f-605c9f5b48a2,"cli.018.rw0 Global Distribution of Modelled Mangrove Biomass",cli_018_global_distribution_of_modelled_mangrove_biomass,cartodb,Yes,1,1,1,,
c500a521-249e-4c2d-9e1c-50b489a3d55c,"ene.020a Clean Energy Investment Potential",ene020a-Clean-Energy-Investment-Potential,cartodb,Yes,1,7,1,,
dc5db1e0-12bb-4d4d-b84f-37fa492060b6,"wat.015 Erosion Risk_replacement",wat015-Erosion-Risk_replacement,gee,Yes,1,24,1,,
8011fc2e-7b0b-4107-849f-c44a9031b8e0,"Subnational Political Boundaries_replacement",Subnational-Political-Boundaries_replacement,cartodb,Yes,2,4,1,,
c12446ce-174f-4ffb-b2f7-77ecb0116aba,"foo.024.nrt Vegetation Health Index_replacement",foo024nrt-Vegetation-Health-Index_replacement_4,gee,Yes,1,22,1,,
f05fde43-ce5a-4910-83b1-85dafd39bfbb,"cit.015 Urban Heat Island Effect_replacement",cit015-Urban-Heat-Island-Effect_replacement,cartodb,Yes,1,23,1,,
c161a098-7f09-4313-b176-08a32e3bb3ad,"ene.032 Solar Power Plant Areas",ene032-Solar-Plants_1,cartodb,Yes,1,21,1,,
4a6a9579-b5e6-479b-8fe7-194486b2528b,"bio.047a Temperature Suitability for Disease-Carrying Mosquitoe Aedes aegypti",bio047a-Temperature-Suitability-for-Disease-Carrying-Mosquitoe-Aedes-aegypti,gee,Yes,3,5,1,,
f3855c03-ef91-47a5-8167-69c8625f0978,"ene.001a Global Reservoir and Dam GRanD v1.3",ene001a-Global-Reservoir-and-Dam-GRanD-v13,cartodb,Yes,2,10,1,,
95b013a3-389a-4367-83b7-c9d68c28c406,"foo.043 Agriculture, Value Added",Agriculture-Value-Added,cartodb,Yes,65,7,1,,
67cf410f-4cdf-4437-aa09-187e5fa590ae,"ene.033 Energy Consumption",ene033-Energy-Consumption_1,cartodb,Yes,44,19,1,,
23f29e9a-ca07-4c08-a018-28a25af14b49,"cli.021.nrt Snow Cover",cli021nrt_snow_cover_temp,gee,Yes,1,1,1,,
8671f536-1979-4b6f-a147-70152fcb44ed,"soc.036 Life Expectancy at Birth",Life-Expectancy-at-Birth,cartodb,Yes,64,2,1,,
7a8b5296-d283-4832-9be1-edd760bbb58f,"soc.043b.rw0 Origin Countries of Refugees and Displaced Persons",soc043-Refugees-and-Displaced-Persons,cartodb,Yes,62,16,1,,
fe0a0042-8430-419b-a60f-9b69ec81a0ec,"cit.038.nrt Air Quality - Modeled Forecast - WACCM (Black Carbon)",cit038-Air-Quality-Modeled-Forecast-WACCM-Black-Carbon,gee,Yes,1,1,1,,
bced4001-425a-4fad-8c22-8214d9340ea4,"ene.004 Renewable Energy Share of Total Energy Consumption",ene004-Renewable-Energy-Share-of-Total-Energy-Consumption,cartodb,Yes,33,5,1,,
de9c68b6-025a-45b9-b212-7c876b02606e,"wat.064 Cost of Sustainable Water Management",wat064-Cost-of-Sustainable-Water-Management_1,cartodb,Yes,6,2,1,,
38e1bdc7-a843-40b8-ac86-2e47ccd896e4,"wat.063 Plastic Input in Rivers",Wat063-Plastic-Input-in-Rivers,cartodb,Yes,1,24,1,,
1217edeb-48e6-44ff-90f0-a4529e2f5d59,"soc.092 Positive Peace Index",soc092-Positive-Peace-Index,cartodb,Yes,10,15,1,,
e20eddd5-c9b6-4fc5-9021-31e9d55b681b,"cit.046 Urban Boundaries",com046-City-Boundaries,cartodb,Yes,2,1,1,,
daaa9f12-c0ef-499a-b2d8-4bceaa9b95fa,"soc.082 individuals using the internet",soc_082_individuals_using_the_internet_2,cartodb,Yes,35,6,1,,
065ffeb1-c0b8-49c4-80b7-bd168e17568c,"bio.047b Temperature Suitability for Disease-Carrying Mosquitoe Aedes albopictus",bio047b-Temperature-Suitability-for-Disease-Carrying-Mosquitoe-Aedes-albopictus,gee,Yes,3,1,1,,
dbca28fe-d6bf-464f-9f86-fc8b1d81e381,"cit.033a Urban Built-Up Area",cit033a-Urban-Built-Up-Area_1,gee,Yes,4,17,1,,
47da0793-f248-4882-b913-40d84be96e05,"soc.091 Global Peace Index",soc091-Global-Peace-Index,cartodb,Yes,12,8,1,,
fad6aa3d-02e5-4133-9656-a38145b9348f,"ocn.001 GEBCO Bathymetry",ocn001-GEBCO-Bathymetry,gee,Yes,1,2,1,,
55a1e0d5-5af9-4ebc-a261-e9c40606d81c,"cli.061nrt Daily Nighttime lights",cli061nrt-Daily-Nighttime-lights,wms,Yes,1,0,1,,
4996cdb1-6169-46b7-9a74-0adf0e2ef1ce,"soc.102 Inflation",soc102-Inflation,cartodb,Yes,65,1,1,,
8711d841-8421-4fcb-8ee2-881e573856e0,"soc.101 Population in Poverty ($3.20/day)",soc101,cartodb,Yes,42,1,1,,
645fe192-28db-4949-95b9-79d898f4226b,"cit.002 GEOS-CF Air Quality Forecast PM2.5",cit002-GMAO-Air-Quality-Forecast-PM25,gee,Yes,6,6,1,,
ec282483-4f5c-4fb8-ace7-8e557826781a,"foo.065b.rw1 Global Cropland Change",foo065brw1-Global-Cropland-Change,gee,Yes,2,1,1,,
d6ac0804-d2d9-4a76-95b7-4fca7d3063aa,"Dynamic World",Dynamic-World,gee,Yes,5,20,1,,
63ede061-57d3-41a0-9598-c1c63a9f704b,"foo.060.rw0 Food System Emissions",Food-System-Emissions,cartodb,Yes,26,1,1,,
d64ec5d7-d186-41fa-b5b7-d1f246ff6d77,"ocn.005 Historical Cyclone Intensity",ocn005-Historical-Cyclone-Intensity,gee,Yes,1,1,1,,
82d19d37-21fe-47a9-964d-75dee7aac318,"ocn.003 Projected Sea Level Rise",ocn003-Projected-Sea-Level-Rise,gee,Yes,10,5,1,,
6ac302e7-36c3-4f36-9a89-3be244ef9057,"ocn.008 Historical Coral Bleaching Stress Frequency",ocn008-Historical-Coral-Bleaching-Stress-Frequency_1,gee,Yes,6,2,1,,
1ed420e2-9283-4ced-b7b6-d5268be7a324,"ene.009 Annual Renewable Generation",ene009-Annual-Renewable-Generation,cartodb,Yes,19,7,1,,
ddc4c1fc-5299-40c9-8462-3930adfb6cf8,"ene.010 Annual Renewable Capacity",ene010-Annual-Renewable-Capacity,cartodb,Yes,20,3,1,,
1d23838e-40da-4cf3-b61c-56258d3a5c56,"bio.004a Coral Reef Locations",bio004a-Coral-Reef-Locations,cartodb,Yes,2,6,1,,
c0c71e67-0088-4d69-b375-85297f79ee75,"cli.023 Standard Precipitation Index (SPI)",cli023-Standard-Precipitation-Index,gee,Yes,14,43,1,,
13f4e065-b579-41f0-938d-b97c9dd54ce2,"wat.070a.rw0 Soil Erosion",wat070rw0-Soil-Erosion,gee,Yes,5,5,1,,
e18e9612-bcca-4eea-abf9-0ed9f97d9954,"com.012 Global Shipping Lanes",com012-Global-Shipping-Lanes,gee,Yes,1,78,1,,
f8d3e79c-c3d0-4f9a-9b68-9c5ad1f025e4,"soc.020 Gini Index",GINI-Index,cartodb,Yes,52,16,1,,
1ef55baf-bbbe-480d-85e9-7132c742f196,"bio.035 Coral Bleaching Frequency Prediction",Coral-Bleaching-Frequency-Prediction,gee,Yes,2,35,1,,
a290675c-9528-4a51-8201-f6c2d7848744,"cli.008 Greenhouse Gas Emissions by Country and Economic Sector",cli008-Greenhouse-Gas-Emissions-by-Country-and-Sector-Full-Longform,cartodb,Yes,7,31,1,,
9e1b3cad-db6f-44b0-b6fb-048df7b6c680,"foo.061.rw0 Food from the Sea",foo061rw0-Blue-Food-Supply,cartodb,Yes,7,9,1,,
d0968f74-f5c1-40a1-b2b5-5bac5de5cb15,"bio.021a Terrestrial Ecoregions",bio021a-Terrestrial-Ecoregions,cartodb,Yes,1,9,1,,
3941bbba-181b-434a-84c3-fcdfa5234735,"cli.056a Projected Change in Extreme Heat Days",cli056a-Projected-Change-in-Extreme-Heat-Days-RCP85,gee,Yes,9,2,1,,
1d2f4eae-10e1-4ea6-980c-501b34106de2,"cli.053b  Projected Change in Heating Degree Days",cli053b-Projected-Change-in-Heating-Degree-Days-RCP85,gee,Yes,9,3,1,,
6fa000b5-8d91-46c8-8502-07427bc5eafc,"cli.054b Projected Change in Cooling Degree Days",cli054b-Projected-Change-in-Cooling-Degree-Days-RCP85,gee,Yes,9,1,1,,
ac9c2f07-9f23-4a33-9958-e02c571ec009,"foo.062 Fishery Production",foo062-Fishery-Production,cartodb,Yes,8,6,1,,
9748a184-cf87-4363-bf81-2bf3030e2e53,"ocn.010 Projected Coral Bleaching",ocn010-Projected-Coral-Bleaching_1,gee,Yes,2,15,1,,
7b52fb1a-a52d-44b9-bfef-45c3f2610c58,"bio.041.rw1 Ocean Health Index",bio041a-Ocean-Health-Index,cartodb,Yes,8,2,1,,
43d9dac0-88be-4db1-b71e-482756220817,"cli.030.rw1 Aridity",cli030rw1-Aridity,gee,Yes,1,5,1,,
31289042-1e02-4b43-9c7f-ef23a98fa3c7,"cit.031.rw1 Air Quality: Surface Fine Particulate Matter (PM2.5) Concentrations",cit031rw1-Air-Quality-Surface-Fine-Particulate-Matter-PM25-Concentrations,gee,Yes,21,5,1,,
fc6dea95-37a6-41a0-8c99-38b7a2ea7301,"soc.004.rw1	Human Development Index",soc004rw1-Human-Development-Index,cartodb,Yes,29,1,1,,
a8581e62-63dd-4973-bb2a-b29552ad9e37,"wat.026.rw1 Wastewater Treatment Plants (U.S.)",wat026rw1-Wastewater-Treatment-Plants-US,cartodb,Yes,1,20,1,,
23f41bb2-2312-41ab-aaf2-ef584f80b31a,"cit.029.rw1 Municipal Waste",cit029rw1-Municipal-Waste,cartodb,Yes,30,2,1,,
28d1f505-571c-4a52-8215-48ea02aa4928,"com.017.rw2 Major Ports",com017rw2-Major-Ports,cartodb,Yes,1,4,1,,
7614bdfe-9870-458c-9e56-dc9e83df8f79,"cit.043.rw0 Bus Rapid Transit",Cities-with-Bus-Rapid-Transit,cartodb,Yes,1,2,1,,
8eafc054-a350-43b5-af61-a64a9a7f8ffe,"soc.005.rw1	Political Rights and Civil Liberties Index",soc005rw1-Political-Rights-and-Civil-Liberties-Index,cartodb,Yes,15,2,1,,
3b6f853a-622d-4fff-827c-901b5b4352b0,"cit.022.rw1 Road Traffic Death Rates",cit022rw1-Road-Traffic-Death-Rates,cartodb,Yes,1,3,1,,
3db2f914-2c70-431c-8dce-5dd961bccbd5,"soc.037.rw1 Malaria Extent",soc037rw1-Malaria-Extent,gee,Yes,18,2,1,,
4c6ba704-12f3-4954-92af-6c248c584233,"cli.067.rw0 Projected Change in Annual Average Maximum Temperature in the U.S.",Projected-Change-in-Annual-Maximum-Temperature-in-the-US-RCP85,gee,Yes,9,0,1,,
c5cbedcd-8cf5-4140-ac21-6791f6786f22,"cli.075.rw0 Projected Change in Annual Average Temperature in the U.S.",cli075rw0-Projected-Change-in-Annual-Average-Temperature-in-the-US-RCP85,gee,Yes,9,0,1,,
c985d4f6-9a03-4158-9955-e9f96db109ab,"cli.072.rw0 Projected Change in Extreme Precipitation Days in the U.S.",cli072rw0-Projected-Change-in-Extreme-Precipitation-in-the-US-RCP85,gee,Yes,9,0,1,,
9e9b465a-bb0f-4047-ad72-9b8fabc0fd09,"cli.073.rw0 Projected Change in Extreme Heat Days in the U.S.",cli073rw0-Projected-Change-in-Extreme-Heat-Days-in-the-US-RCP85,gee,Yes,9,0,1,,
6114c6fa-0ca6-4e06-ae23-413be0677503,"cli.074.rw0 Projected Change in Heating Degree Days in the U.S.",cli074rw0-Projected-Change-in-Heating-Degree-Days-in-the-US-RCP85,gee,Yes,9,0,1,,
412a8589-4887-44f2-9f45-3db5fb3937e7,"cli.069.rw0 Projected Change in Cooling Degree Days in the U.S.",cli069rw0-Projected-Change-in-Cooling-Degree-Days-in-the-US-RCP85,gee,Yes,9,1,1,,
7b3e6674-9a1b-4e06-92e4-4548117aa59e,"wat.066.rw0 Conflict Forecast",wps001-Conflict-Forecast,cartodb,Yes,1,1,1,,
faaf0a0f-7475-49f3-bb8b-68edfaad4b77,"soc.021.rw1 Environmental Performance Index",soc021rw1-Environmental-Performance-Index,cartodb,Yes,1,8,1,,
c856396d-d0f2-4aae-9671-4903b2ebed4d,"soc.043a.rw0 Host Countries of Refugees and Internally Displaced Persons",soc043a-Host-Countries-Refugees-and-Displaced-Persons,cartodb,Yes,70,1,1,,
0be2ce12-79b3-434b-b557-d6ea92d787fe,"soc.026 Gender Gap Index",Gender-Gap-Index-2,cartodb,Yes,7,22,1,,
f1aa9ec7-c3b6-441c-b395-96fc796b7612,"ocn.020b.rw0.nrt Phosphate Concentration",ocn020b-Mole-Concentration-of-Nitrate,gee,Yes,2,4,1,,
ddd31af6-926c-46f6-a236-948690c5cb34,"Forest Greenhouse Gas Net Flux",Forest-Greenhouse-Gas-Net-Flux,gee,Yes,1,8,1,,
877cdf39-5536-409c-bcba-2220e1b72796,"ocn.020c.rw0.nrt Dissolved Oxygen Concentration",ocn020c-Dissolved-Oxygen-Concentration,gee,Yes,2,8,1,,
fb5edc45-b105-4b13-a6c3-5f3e314a4086,"for.018.rw1 Bonn Challenge Restoration Commitment",for018rw1-Bonn-Challenge-Restoration-Commitment,cartodb,Yes,1,6,1,,
055be02e-7606-4683-a4fd-7dc9169c4c7e,"ocn.013 Coral Reef Fisheries Relative Catch",ocn013-Coral-Reef-Fisheries-Relative-Catch,gee,Yes,1,1,1,,
4a3f2c5b-1fe3-4707-82b5-2bb25d66fb52,"ocn.014 Index of Shoreline Protection by Coral Reefs",ocn014-Index-of-Shoreline-Protection-by-Coral-Reefs,gee,Yes,1,7,1,,
2596f568-afc3-4fc0-97d8-59f3fc42d528,"ocn.012 Coral Reef Tourism Value",ocn013-Coral-Reef-Tourism-Value,gee,Yes,3,5,1,,
d6e42176-90c4-429d-8cae-7619c545a458,"soc.107 Population (Grid, 100m)",soc107-Population-Grid-100m,gee,Yes,21,9,1,,
92327c78-a473-402b-8edf-409869823216,"ocn.020a.rw0.nrt Nitrate Concentration",ocn020a-Nitrate-Concentration,gee,Yes,2,6,1,,
4526e001-4367-47cc-b0fc-80388f7e26ac,"for.017 Potential Vegetation",for017-Potential-Vegetation,gee,Yes,1,4,1,,
e4946b37-ac8f-48f7-9498-dee5ab23db68,"cli.024 Projected Sea Level Rise (ft)",cli024-Projected-Sea-Level-Rise-ft,gee,Yes,10,10,1,,
d5e7884d-e4dd-47dd-8f28-c5b9c2318a9f,"wat.059 Aqueduct Coastal Eutrophication Potential",wat059-Aqueduct-Coastal-Eutrophication-Potential,cartodb,Yes,2,6,1,,
c667617a-44e8-4181-b96d-f99bbe73c331,"cli.037.nrt US Smoke Plumes",US-Smoke-Plumes_1,cartodb,Yes,2,2,1,,
c53a195f-d5f0-4acc-b1be-b773420a6606,"wat.007 flood risk",wat007-flood-risk,cartodb,Yes,4,7,1,,
6ad0f556-20fd-4ddf-a5cc-bf93c003a463,"ocn.011.nrt.rw0 Total Suspended Matter",ocn011-Total-Suspended-Matter,gee,Yes,2,8,1,,
2447d765-dc04-4e4a-aeaa-904760e94991,"foo.051.nrt Vegetation Condition Index (NDVI anomalies)",foo_051_Vegetation-Condition-Index-NDVI-anomalies,gee,Yes,1,6,1,,
bd9f603e-a559-4cc1-84f4-de0ddc7c341f,"cli.060.nrt VIIRS Imagery (pulse)",cli060nrt,wms,Yes,1,6,1,,
ebc079a1-51d8-4622-ba25-d8f3b4fcf8b3,"cit.002 GEOS-CF Air Quality Forecast O3",cit002-GMAO-Air-Quality-Forecast-O3,gee,Yes,6,16,1,,
2c2c614a-8678-443a-8874-33335771ecc0,"cit.038.nrt Air Quality - Modeled Forecast - WACCM (NO₂)",cit038-Air-Quality-Modeled-Forecast-WACCM-NO,gee,Yes,1,1,1,,
acf42a1b-104b-4f81-acd0-549f805873fb,"foo.053.nrt Food Price Spikes",foo053-Food-Price-Spikes,cartodb,Yes,8,26,1,,
d2f6245d-5b9b-4508-874b-d42a2be7d058,"soc.062c Internal Displacement NRT",soc062c-Internal-Displacement-NRT,cartodb,Yes,5,1,1,,
2c444596-2be3-4786-bdfc-24010f99b21e,"ene.029.rw1 Energy Intensity",ene029a-Energy-Intensity,cartodb,Yes,26,4,1,,
be4e99f9-5ad8-4e5a-ab2a-ae94027ffcc5,"for.029.rw0 Peatlands",for019-Peatland-SEA,cartodb,Yes,1,25,1,,
7e98607d-23d8-42f8-9662-5658f349bf0f,"soc.067.rw1 Climate Risk Index",soc067rw1-Climate-Risk-Index,cartodb,Yes,1,43,1,,
54af072c-7bb5-4bb1-af84-ea7ba0b4fc22,"foo.005.rw1 Crop Land Area and Production",foo005rw1-Crop-Land-Area-and-Production,gee,Yes,18,11,1,,
4919be3a-c543-4964-a224-83ef801370de,"dis.006 ReliefWeb Disaster Events in the News",dis006-ReliefWeb-Disasaters,cartodb,Yes,1,24,1,,
e6a3f803-1222-46c2-8e6c-0ae94b3d80c8,"cit.006.rw0 Built-Up Area Change",cit006rw0-Global-built-up-extent-and-change,gee,Yes,1,5,1,,
ca667d8b-8141-4685-809c-945ae1da9bc4,"cli.016.rw1 Estimated Permafrost",cli016-Estimated-Permafrost_replacement,gee,Yes,2,2,1,,
01ae2fd7-b818-429f-a27e-a36c8def971a,"foo.027.rw1 Observed and Potential Crop Yields",foo027-Observed-and-Potential-Crop-Yields_replacement,gee,Yes,4,4,1,,
d42f17fe-ab9a-465a-ab0b-9001d63c2206,"ene.023.rw0 Nighttime Lights 2012 and 2016",ene023-Nighttime-Lights-2012-and-2016,gee,Yes,2,6,1,,
64a3e126-000b-46fb-aaf4-8ac765a8263b,"for.032.rw0 Forest Height Change",for032rw0-Forest-Height-and-Extent,gee,Yes,1,8,1,,
c56ee507-9a3b-41d3-90ac-1406bee32c32,"for.012.nrt Fire Weather Risk",for012-Fire-Risk-Index,gee,Yes,6,18,1,,
266ed113-396c-4c69-885a-ead30df95810,"cit.038.nrt Air Quality - Modeled Forecast - WACCM (CO)",cit038-Air-Quality-Modeled-Forecast-WACCM-CO,gee,Yes,1,1,1,,
d82186a4-7885-4fa9-9e82-26799853093b,"cit.038.nrt Air Quality - Modeled Forecast - WACCM (SO₂)",cit038-Air-Quality-Modeled-Forecast-WACCM-SO,gee,Yes,1,1,1,,
2ac1f43c-30bc-4ed9-846c-8443ce4987a9,"for.014.rw1 Internationally Important Wetlands",for014-Internationally-Important-Wetlands_replacement,cartodb,Yes,1,2,1,,
431f7c9e-7ef5-4f00-a5dc-8845fcb3a9a9,"ene.021.rw1 Renewable Energy Consumption",ene021a-Renewable-Energy-Consumption,cartodb,Yes,26,7,1,,
5a796ce9-71d4-42b0-922d-056a86e5eb72,"cli.001.rw0 Snow/Ice Change",cli001rw0-UMD-LandCW-Datasets-SnowithIce,gee,Yes,1,8,1,,
ac6dcdb3-2beb-4c66-9f83-565c16c2c914,"foo.003.nrt Food Insecurity_replacement",foo003nrt-Food-Insecurity_replacement,cartodb,Yes,3,2,1,,
348e4d57-a345-411d-986e-5863fffebda7,"cit.038.nrt Air Quality - Modeled Forecast - WACCM (PM2.5)",cit038-Air-Quality-Modeled-Forecast-WACCM-PM-25,gee,Yes,1,1,1,,
f61e9516-ae23-4870-b26b-4d1b57ac3225,"ene.017.rw1 Energy Facility Emissions (US)",ene017rw1-Energy-Facility-Emissions-US,cartodb,Yes,10,1,1,,
7dfd5f25-a789-415a-bb7c-d84ffec4c7eb,"ocn.009 Sea Surface Temperature Variability",ocn009-Sea-Surface-Temperature-Variability,gee,Yes,2,1,1,,
764318db-bb4b-442c-b533-8a3c38768a0c,"cit.003c.nrt Air Quality - Station Measurements (SO₂)",cit003cairqualityso2,cartodb,Yes,1,8,1,,
ab6216ee-9a2b-412f-b538-8644d5834c7a,"wat.068.rw0 Watersheds",wat068rw0-Watersheds,cartodb,Yes,6,11,1,,
a5e7024b-cc41-41d4-bf4c-e17403f33beb,"cli.009 Gridded Carbon Footprints",cli009-City-Carbon-Footprints,gee,Yes,2,17,1,,
baeaa2b1-96da-473e-86ea-2b6a9967dab9,"Wind Speed Potential at 50m (m/s)",ene030-Wind-Speed,wms,Yes,1,9,1,,
574f0b71-8363-4e3a-978f-2b1ce58c1c33,"ocn.007 Coral Bleaching Monitoring",ocn007-Coral-Bleaching-Monitoring,gee,Yes,6,2,1,,
550bd9d9-6129-4024-895a-d3d7106cfa99,"foo.002.rw0 Certified Commodity Crops",foo056-Certified-Commodity-Crops,cartodb,Yes,8,1,1,,
6b523d76-ca2d-4059-b0a6-d90a6b8ba5a6,"foo.055.rw1 Gridded Livestock Version 3",foo055b-Gridded-Livestock-Version-3,gee,Yes,8,20,1,,
702f4bcb-c376-49b6-9345-cdc8aa989582,"foo.046b Food Footprint in Calories WRR update",foo046-Food-Footprint-in-Calories-WRR-update,cartodb,Yes,0,20,1,,
2f6f2860-9c27-4062-a72a-066f62a56891,"foo.025a Potential Evapotranspiration",foo025-Potential-Evapotranspiration_4,gee,Yes,1,2,1,,
878b1f7f-c948-4d0d-844a-8b273c060d08,"cit.014a Human Settlements Grid",cit014-Human-Settlements-Grid_2,gee,Yes,4,3,1,,
d49d4083-edc2-4fd7-813c-eddd85fe0d6a,"foo.057 Crop Allocation to Food, Feed, Nonfood",foo057-Crop-Allocation-to-Food-Feed-Nonfood,gee,Yes,5,3,1,,
a28fb5b1-2b90-43b3-909c-006c208d2033,"foo.059 Crop Nutrient Balance",foo058-Crop-Nutrient-Balance,gee,Yes,2,4,1,,
09b1e69f-597b-4800-839c-012f52001f3e,"bio.012 Amphibian and Mammalian Richness and Threat Levels_replacement",bio012-Amphibian-and-Mammalian-Richness-and-Threat-Levels_replacement,gee,Yes,4,4,1,,
7f7bf238-e820-48c4-abb2-678bc970225b,"bio.015 Terrestrial Human Footprint_replacement",bio015-Terrestrial-Human-Footprint_replacement,gee,Yes,1,9,1,,
85a08a4d-9336-4d18-9aaa-b7cb97bc6abf,"bio.008 Cumulative Climate Impacts on Marine Ecosystems_replacement",bio008-Cumulative-Climate-Impacts-on-Marine-Ecosystems_replacement,gee,Yes,1,7,1,,
bf14690e-a3d8-466b-b382-04876f27caf1,"cit.005a Urban Expansion Probabilities",cit005b-Urban-Expansion-Probabilities,gee,Yes,5,3,1,,
6ec78a52-3fb2-478f-a02b-abafa5328244,"for.003.nrt.rw1 GLAD Deforestation Alerts",for003nrtrw1-GLAD-Deforestation-Alerts,gee,Yes,2,9,1,,
2063964b-56c8-4080-b2a5-5a7710f321b9,"ene.031a Solar Irradiance",Solar-Irradiance,gee,Yes,2,6,1,,
ea2db3a6-49c8-4d41-a2ab-758eb6fe4bc0,"dis.007 Landslide Susceptibility_replacement",dis007-Landslide-Susceptibility_replacement,gee,Yes,1,8,1,,
06e734af-66f0-4c3e-ac71-1b99f3cbfe1d,"soc.009.rw0 Land Cover Map",soc009rw0-Composite-Land-Cover-Map,gee,Yes,6,11,1,,
64c948a6-5e34-4ef2-bb69-6a6535967bd5,"for.006.rw2.nrt Active Fires (VIIRS)_old_replacement",for006nrt-Active-Fires-VIIRS_old_replacement,cartodb,Yes,2,68,1,,
71b81fe0-23fc-4154-8601-ba987381594c,"for.004.rw0 Intact Forest Landscapes",Intact-Forest-Landscapes-1490086842551,cartodb,Yes,1,16,1,,
faf79d2c-5e54-4591-9d70-4bd1029c18e6,"cli.057.rw1 Projected Change in Cumulative Precipitation",cli057a-Projected-Change-in-Annual-Precipitation-RCP85,gee,Yes,18,6,1,,
4d3d6f25-6e66-426f-be9b-32777b4755cc,"for.030.nrt Burned Areas",for030nrt-Burned-Areas,gee,Yes,1,5,1,,
ada81921-28ff-4fbb-b971-7aa1f3ccdb22,"cit.035d.nrt Air Quality - Satellite Measurements - TROPOMI (O₃)",Air-Quality-Measurements-TROPOMI-O,gee,Yes,1,2,1,,
b82eab85-0fee-4212-8a7e-ca0b28a16a2f,"dis.015a Tropical Cyclones",dis015a-Hurricane-Tracks,cartodb,Yes,46,7,1,,
e9123749-9f5d-4e91-aef0-1018cfd31f07,"Global Power Plant Database (Data API test)",Global-Power-Plant-Database-Data-API-test,gfw,Yes,2,0,0,,
1d7085f7-11c7-4eaf-a29a-5a4de57d010e,"dis.001.nrt Significant Earthquakes",dis001nrt-Significant-Earthquakes-over-the-past-30-Days,cartodb,Yes,3,11,1,,
136aab69-c625-4347-b16a-c2296ee5e99e,"dash_cli.047 NDC ratification status",cli047-NDC-ratification-status,cartodb,Yes,1,5,1,,
50634b51-ea2e-4cc1-9e4b-8f26a389a301,"foo.065a.rw1 Global Cropland Extent",foo065rw1-Global-Cropland,gee,Yes,5,0,1,,
eef10736-8d8b-4ac9-a715-ef0653a83196,"ene.034 Electricity Consumption",ene034-Electricity-Consumption,cartodb,Yes,44,3,1,,
0df6dbcd-ee6a-401b-bf1d-2a67dad09f05,"cli.035.nrt Surface Temperature Anomalies",cli_035_Surface-Temperature-Anomalies,gee,Yes,1,7,1,,
b83ad197-eb95-44e2-8ec3-3351ab926421,"wat.002.rw0 Water Change",wat002rw0-Water-land-cover-class,gee,Yes,1,1,1,,
5b5c7d9b-baf3-4fdf-a41c-e10506b72770,"cit.003d.nrt Air Quality - Station Measurements (NO₂)",cit003dnrt-Air-Quality-Measurements-NO,cartodb,Yes,1,7,1,,
c66d7f3a-d1a8-488f-af8b-302b0f2c3840,"wat.050 Aqueduct Baseline Water Stress",wat050-Aqueduct-Baseline-Water-Stress,cartodb,Yes,1,22,1,,
ebdab869-5869-4965-a5b1-d1f9b0f83330,"ocn.002.nrt Wave Height",ocn002nrt-Wave-Height_1,gee,Yes,4,1,1,,
e050ee5c-0dfa-491d-862c-2274e8597793,"wat.047 HYCOM water velocity",wat047-HYCOM-water-velocity,gee,Yes,2,1,1,,
a99c5cf5-f141-4bed-a36d-b04c8e171dfa,"cli.005d Historical Minimum Arctic Sea Ice",cli005d-Historical-Minimum-Arctic-Sea-Ice,gee,Yes,17,1,1,,
7c06a7a2-4c47-4ecb-a2a5-1c76eaf2db65,"ocn.006a Projected Ocean Acidification",ocn006-Projected-Ocean-Acidification,gee,Yes,10,5,1,,
05fd2614-325b-460a-8b52-3155fa9dd98f,"cli.005f Historical Minimum Antarctic Sea Ice",cli005e-Historical-Minimum-Antarctic-Sea-Ice,gee,Yes,18,1,1,,
e198cf78-d7e3-4491-993c-600ec9abaa1b,"GFW Mining Concessions",GFW-Mining-Concessions,gfw,Yes,1,0,0,,
d3486db9-5da4-4aee-a363-f71b643a7ce1,"soc.006.rw1 Multidimensional Poverty Index",soc006rw1-Multidimensional-Poverty-Index,cartodb,Yes,1,2,1,,
51861c34-f67a-4662-b0b6-1b7f265c6d23,"cit.003f.nrt Air Quality  - Station Measurements (CO)",cit003fnrt-Air-Quality-Measurements-CO,cartodb,Yes,1,7,1,,
4d2d47c1-fed1-4484-83e3-c91c3f6f7315,"cli.029.rw2 Vulnerability to Climate Change Index",cli029a-Vulnerability-to-Climate-Change-Index,cartodb,Yes,75,17,1,,
74ebf4fe-6afb-46aa-a820-96fcae9a7e03,"dis.008 Volcano Frequency and Distribution",dis008-Volcano-Frequency-and-Distribution,gee,Yes,1,1,1,,
6d4d3282-387b-4e44-811d-67008dcd1757,"Primary Humid Tropical Forests",Primary-Humid-Tropical-Forests,gfw,Yes,1,0,0,,
8746e75d-2749-405e-8f3b-0c12097860a1,"ene.008.nrt US Oil and Chemical Spills",US-Oil-and-Chemical-Spills,cartodb,Yes,3,8,1,,
9ea634db-53af-445e-a767-60ec9efc321e,"ene.018 Wind Energy Potential",ene018-Wind-Energy-Potential,gee,Yes,1,3,1,,
b3ebc10d-9de8-4ee6-870d-1d049e8e2a99,"dis.004 Earthquake Frequency and Distribution",dis004-Earthquake-Frequency-and-Distribution,gee,Yes,1,3,1,,
b1ebea96-5963-4c2c-9273-7d08536ac07d,"cli.006 Historical Sea Ice Medians",cli006-Polar-Sea-Ice-Monthly-Median-Extents,cartodb,Yes,1,2,1,,
890b3400-ebed-46d1-a6d1-c2a87d49270d,"foo.037 Maize, Rice, Soybeans, and Wheat Yield Trends",foo037-Maize-Rice-Soybeans-and-Wheat-Yield-Trends,gee,Yes,4,5,1,,
85345c7d-b608-4698-a44d-f5554885b99e,"soc.075 Female & Male Population Densities",soc075-Broad-Age-Groups,gee,Yes,3,23,1,,
47053e23-7808-40d9-b4ae-1af73c5c8bab,"wat.036.rw1	Water Stress Country Ranking",wat036rw1-Water-Stress-Country-Ranking,cartodb,Yes,1,26,1,,
6cfd6255-609e-4922-8709-5aaad0db9fae,"soc.081 National Infant Mortality",soc_081_mortality_rate,cartodb,Yes,64,9,1,,
80f951a7-edd5-472a-8b46-744eb93fd7ef,"soc.079 total fertility rate",soc_079_total_fertility_rate,cartodb,Yes,64,3,1,,
484fbba1-ac34-402f-8623-7b1cc9c34f17,"cli.005a.nrt Arctic Sea Ice",cli_005b_Arctic-Sea-Ice,gee,Yes,1,3,1,,
f5599d62-7f3d-41c7-b3fd-9f8e08ee7b2a,"cit.004a.rw0.nrt Air Quality: Fine Particulate Matter (PM2.5) Station Forecasts",cit004rw0-City-AQ-Forecasts,cartodb,Yes,5,6,1,,
a0aecb8d-07ee-42e6-be3d-e5cabf12b0a9,"soc.018.nrt Migrant Deaths",Missing-Migrants,cartodb,Yes,2,5,1,,
4458eb12-8572-45d1-bf07-d5a3ee097021,"bio.002 Biodiversity hot spots",Biodiversity-hot-spots-1490086842534,cartodb,Yes,2,29,1,,
cf069d6d-27b0-4282-8ff3-ee04d90e841d,"soc.002.rw1 gender development index (gdi)",soc002rw1-gender-development-index-gdi,cartodb,Yes,10,10,1,,
2442891a-157a-40e6-9092-ee596e6d30ba,"bio.007 World Database on Protected Areas_replacement",bio007-World-Database-on-Protected-Areas_replacement,cartodb,Yes,2,35,1,,
f4a83ced-4aea-4cf5-aa71-00927fe707e1,"wat.053 Aqueduct Seasonal Variability",wat053-Aqueduct-Seasonal-Variability,cartodb,Yes,1,1,1,,
4429cf8f-7537-485f-b98a-5e67c56290b9,"ocn.018 Fully and Highly Protected Marine Areas",ocn018-Fully-and-Highly-Protected-Marine-Areas,cartodb,Yes,2,15,1,,
66d28bbc-1e6e-4156-9ba2-875ecab665af,"cli.059.rw1 Projected Change in Extreme Precipitation Days",cli059a-Projected-Change-in-Extreme-Precipitation-Days-RCP85,gee,Yes,18,4,1,,
426fe3f0-12de-4adb-b3aa-850eb04f75b4,"for.007.rw2 Tree Cover Gain",for007rw2-Tree-Cover-Gain,gee,Yes,1,5,1,,
2fb159b3-e613-40ec-974c-21b22c930ce4,"dis.009.nrt Tsunamis",dis009nrt-Tsunamis,cartodb,Yes,2,3,1,,
ccbcaf7b-1619-4298-8275-b135d1e8e04e,"cit.017.rw0 Accessibility to Cities",cit01701-Travel-Time-to-Major-Cities,gee,Yes,1,19,1,,
f2016c79-82f7-466e-b4db-2c734dd5706d,"dis.013.nrt Volcano Eruptions",dis013-Volcanoes-CSV,cartodb,Yes,3,12,1,,
6e05a9e8-ba07-4e6f-8337-31c5362d07fe,"com.024.rw0.nrt Oil Palm Concessions",com024-Oil-Palm-Concessions,cartodb,Yes,1,1,1,,
f84ce519-8128-4a24-b637-89711b9e4713,"cit.035b.nrt Air Quality - Satellite Measurements - TROPOMI (CO)",Air-Quality-Measurements-TROPOMI-CO,gee,Yes,1,1,1,,
8ee6a93b-ab7a-41a8-95f5-3d684626d9ea,"cit.004b.rw0.nrt Air Quality: Nitrogen Dioxide (NO₂) Station Forecasts",cit004brw0nrt-Air-Quality-Nitrogen-Dioxide-NO-Station-Forecasts,cartodb,Yes,5,6,1,,
11f16cb9-def0-4bd5-a60e-50c542b837e3,"com.030a.rw1 Fishing Activity",com030arw1-Fishing-Activity,wms,Yes,11,1,1,,
2e7527a0-c601-4e5a-a205-492314501744,"ocn.017 Coral Reef Connectivity",ocn017-Coral-Reef-Connectivity,cartodb,Yes,1,1,1,,
46e7870a-5590-42c7-bf5b-56c7def7399b,"com.015.rw1 Recycled Waste",com015rw1-Recycled-waste,cartodb,Yes,29,3,1,,
ed521429-58b4-4c55-9bbe-4f4bfd2fcb1f,"wat.033.rw0 Agricultural Water Demand and Depletion",wat033-Agriculture-Water-Demand-and-Depletion,cartodb,Yes,1,35,1,,
641c0a35-f2e5-4198-8ed9-576ea7e9685a,"com.028.rw1 Effect of Agricultural Policies on Commodity Prices",com028rw1-Effect-of-Agricultural-Policies-on-Commodity-Prices,cartodb,Yes,14,3,1,,
6f26eadd-d6f4-44f9-9de4-618bdcfdc95e,"soc.086 Subnational Human Development Index (HDI)",soc086-Subnational-Human-Development-Index-Index,cartodb,Yes,30,3,1,,
e7b9efb2-3836-45ae-8b6a-f8391c7bcd2f,"foo.058 SMAP soil moisture",foo_058_SMAP_soil_moisture,gee,Yes,3,1,1,,
2a571044-1a31-4092-9af8-48f406f13072,"wat.006 Projected Water Stress_replacement",wat006-Projected-Water-Stress_replacement,cartodb,Yes,9,26,1,,
f7ede565-6e17-435b-abed-137afdac4073,"soc.045.rw1 Women Political Representation",soc045rw1-Women-Political-Representation,cartodb,Yes,1,1,1,,
b2f00f99-46ed-43e6-a7a1-a5809d9369d4,"soc.104a Global Land Cover",Global-Land-Cover-UN-FAO-LCCS-Classification,gee,Yes,10,16,1,,
793e4cc9-c060-4b7f-a4a2-0b1fbbe71b69,"cit.035c.nrt Air Quality - Satellite Measurements - TROPOMI (AER AI)",Air-Quality-Measurements-TROPOMI-AER-AI,gee,Yes,1,3,1,,
483c87c7-8724-4758-b8f0-a536b3a8f8a9,"bio.007b.rw0.nrt Marine Protected Areas",bio007b-Marine-Protected-Areas,cartodb,Yes,2,15,1,,
1e8919fc-c1a8-4814-b819-31cdad17651e,"cli.063 Hourly Precipitation",cli063-Hourly-Precipitation,gee,Yes,1,20,1,,
e6c0dd9e-3dde-4296-91d8-87ac26ed038f,"wat.046 Sea Surface Temperature and Salinity",Sea-Surface-Temperarture-and-Salinity,gee,Yes,2,8,1,,
b2483333-693a-44e2-ae00-47f21c6a00bd,"soc.039.rw1 Out-Of-School Rate",soc039rw1-Out-Of-School-Rate,cartodb,Yes,6,8,1,,
0c3ed5b9-94b4-4fc5-9208-bf749f0a5052,"cit.003g.nrt Air Quality - Station Measurements (BC)",cit003gnrt-Air-Quality-Measurements-BC_1,cartodb,Yes,1,18,1,,
f31dece0-9256-428a-84de-3a59f5c06bb7,"for.005b.rw0 Mangrove Extent Change",for005brw0-Mangrove-Extent-Change,cartodb,Yes,1,17,1,,
10b47089-6457-48b4-a955-60f4f964e0f2,"com.007.rw1	FDI Regulatory Restrictiveness Index",com007rw1-FDI-Regulatory-Restrictiveness-Index,cartodb,Yes,13,1,1,,
bc30d648-2a4f-4f5f-8a1c-b7a471e412bd,"wat.065.rw0 Hydropolitical Tension and Institutional Vulnerability",wat065rw0-Hydropolitical-Tension-and-Institutional-Vulnerability,cartodb,Yes,3,2,1,,
ae7227d1-8779-4ca4-a2ce-3c87d53c63f6,"cit.003.a.nrt Air Quality - Station Measurements (PM 2.5)",cit003anrt-Air-Quality-Measurements-PM-25,cartodb,Yes,1,18,1,,
027799db-c161-462a-9c20-aeb97b84e06e,"for.001a.rw2 Tree Cover",for031-Tree-Canopy-Density,gee,Yes,2,17,1,,
1ae29c41-a9bb-498e-9b72-9f59ef1d1c62,"soc.023.rw1 Fragile States Index",soc023rw1-Fragile-States-Index,cartodb,Yes,15,1,1,,
460e6d91-ce17-46b0-b23d-d37751f1f607,"foo.041.rw1 Non-CO₂ Agricultural Emissions",foo041rw1-Non-CO-Agricultural-Emissions,cartodb,Yes,58,2,1,,
b75d8398-34f2-447d-832d-ea570451995a,"cit.035a.nrt Air Quality - Satellite Measurements - TROPOMI (NO₂)",Air-Quality-Measurements-TROPOMI-NO,gee,Yes,1,80,1,,
9b6e6bce-efce-49a5-b603-385b8dae29e0,"soc.048 Organized Violence Events",Organized-Violence-Events_1,cartodb,Yes,32,4,1,,
83de627f-524b-4162-a10c-384dc3e8107a,"com.025.rw0.nrt Wood Fiber Concessions",com025-Wood-Fiber-Concessions,cartodb,Yes,1,1,1,,
9d17e2eb-cc26-4743-a2d6-abf1ebc56376,"cit.003e.nrt Air Quality - Station Measurements (O₃)",cit003cnrt-Air-Quality-Measurements-O,cartodb,Yes,1,10,1,,
7c36dbb7-6685-4dc7-b285-7476db05cd5e,"cit.003b.nrt Air Quality - Station Measurements (PM 10)",cit003bnrt-Air-Quality-Measurements-PM-10,cartodb,Yes,1,14,1,,
683aa637-aa4f-46ab-8260-4441de896131,"ene.035.rw0 Electricity Installed Capacity",ene035rw0-Electricity-Installed-Capacity,cartodb,Yes,44,1,1,,
ca607a0d-3ab9-4b22-b4fe-5c43b17e47c4,"cit.041a Cities with GTFS",cit041-Transit-Feed,cartodb,Yes,1,8,1,,
d43690a2-75cc-473c-bf41-7af938ccf280,"ocn.016 Ocean Plastic Distribution",wat049-Ocean-Plastic-Distribution,gee,Yes,8,1,1,,
d553a58a-faa2-480d-b137-c96d76d5ccab,"bio.024 Local Coral Reef Threats",bio024-try-2,cartodb,Yes,5,39,1,,
79f16b9a-a062-4820-822d-7858609a8fd5,"wat.008.rw3 Annual Surface Water Coverage",wat008rw3-Annual-Surface-Water-Extent,gee,Yes,37,2,1,,
484f10d3-a30b-4466-8052-c48d47cfb4a1,"dis.016.rw1 Active Fault Lines",dis016rw1-Active-Fault-Lines_1,cartodb,Yes,1,4,1,,
e740efec-c673-431a-be2c-b214613f641a,"cli.005b.nrt Antarctic Sea Ice",cli_005a_Antarctic-Sea-Ice,gee,Yes,1,1,1,,
ecce902d-a322-4d13-a3d6-e1a36fc5573e,"cit.002 GEOS-CF Air Quality Forecast NO2",cit002-GMAO-Air-Quality-Forecast-NO2,gee,Yes,6,14,1,,
27c6f0a6-c68a-4f19-8b81-071342fed092,"Tropical Tree Cover",Tropical-Tree-Cover,gfw,Yes,3,0,0,,
747459f5-8143-4f3a-88bb-96a058483ccc,"Drivers of Deforestation (v1)`",Drivers-of-Deforestation-v1,gfw,Yes,1,1,0,,
6a22c67d-9e3c-4f8c-94d2-d90fe886b476,"wat.069.rw0 Saltmarshes",Saltmarshes,cartodb,Yes,1,1,1,,
c5a62289-bdc8-4821-83f0-6f05e3d36bdc,"foo.054.rw1 Soil Carbon Stocks",foo054rw1-Soil-Carbon-Stocks,gee,Yes,6,2,1,,
765e5c3f-f569-4d91-806e-5056c5d1663e,"wat.067.rw0 Aqueduct Riverine Flood Hazard",wat067rw0-Aqueduct-Riverine-Flood-Hazard,gee,Yes,4,1,1,,
4ca6826c-718d-457d-b4e2-e9277d7ed62c,"cli.050.rw1 Projected Change in Annual Average Temperature",cli050a-Projected-Average-Temperature,gee,Yes,18,7,1,,
3d8e2e82-b33a-4898-90e5-6e4a1d007b82,"cli.051a.rw1  Projected Change in Annual Average Minimum Temperature",cli051a-Projected-Change-in-Annual-Minimum-Temperature-RCP85,gee,Yes,18,3,1,,
c4b12251-2d61-458f-a2c0-096c37901ade,"cli.052.rw1 Projected Change in Annual Average Maximum Temperature",cli052a-Projected-Change-in-Annual-Maximum-Temperature-RCP85,gee,Yes,18,7,1,,
6af67024-b917-4944-851a-152b566ff1a8,"com.011.rw1 Maritime Boundaries",com011rw1-Maritime-Boundaries,cartodb,Yes,3,2,1,,
d3f512c0-fbb0-47d5-9ac9-a452574c8e58,"cli.055a Projected Change in Frost Free Season",cli055a-Projected-Change-in-Frost-Free-Season,gee,Yes,9,1,1,,
609487de-0a23-4783-bafc-4335b6fe7d4b,"cli.039.nrt SPEI_replacement",cli039nrt-SPEI_replacement,gee,Yes,1,23,1,,
cd91e8d6-2e3d-46c1-9601-0dd7f524c7ba,"cli.070.rw0 Projected Change in Dry Spells in the U.S.",cli070rw0-Projected-Change-in-Dry-Spells-in-the-US-RCP85,gee,Yes,9,0,1,,
d0f46576-411d-48aa-8df8-d89a3792cdce,"cli.058a Projected Change in Dry Spells",cli058a-Projected-Change-in-Dry-Spells-RCP85,gee,Yes,9,3,1,,
60d3b365-6c0b-4f1c-9b7f-f3f00f2a05d7,"dis.003.nrt Volcanic Activity Report",dis003-Weekly-Volcano-Report-NEW,cartodb,Yes,1,2,1,,
a9567364-e5ba-415e-a834-310e279326b6,"cli.066.rw0 Projected Change in Cumulative Precipitation in the U.S.",cli066rw0-Projected-Change-in-Annual-Precipitation-in-the-US-RCP85,gee,Yes,9,0,1,,
7ec68890-34a9-427c-907e-2f646f0dd9c8,"cli.068.rw0 Projected Change in Annual Average Minimum Temperature in the U.S.",cli068rw0-Projected-Change-in-Annual-Average-Minimum-Temperature-in-the-US-RCP85,gee,Yes,9,0,1,,
09e43293-98f1-4618-8e7e-d9f72cd5a4d7,"cli.071.rw0 Projected Change in Frost Free Season in the U.S.",cli071rw0-Projected-Change-in-Frost-Free-Season-in-the-US-RCP85,gee,Yes,9,0,1,,
a86d906d-9862-4783-9e30-cdb68cd808b8,"Global Power Plant Database",Powerwatch,cartodb,Yes,7,348,1,,
403726e5-6852-49f4-9dce-b82b599b09fc,"cit.004c.rw0.nrt Air Quality: Ozone (O₃) Station Forecasts",cit004crw0nrt-Air-Quality-Ozone-O-Station-Forecasts,cartodb,Yes,5,3,1,,
55cb7e8d-a978-4184-b347-4ba64cd88ad2,"wat.025.nrt 5-day Precipitation_replacement",wat025nrt-5-day-Precipitation_replacement,gee,Yes,1,3,1,,
ea208a8b-4559-434b-82ee-95e041596a3a,"soc.016.nrt Conflict and Protest Events",soc_016-African-and-Asian-Conflict-and-Protest-Events,cartodb,Yes,7,13,1,,
cef9d930-61c3-4641-87b1-9f3072210d84,"soc.085.rw1 Elevation",soc085rw1-Elevation,gee,Yes,1,1,1,,
ff244fd2-d2a9-458f-a8e1-44120912ebac,"for.021.rw1 Certified Forest",for021rw1-Certified-Forest,cartodb,Yes,8,1,1,,